11210, 1, 72.15999027777775
11210, 2, 114.15431547619049
11210, 3, 97.58219482670756
11210, 4, 94.57430317954027
11210, 5, 87.70672758838386
11210, 6, 142.43967048534142
11210, 7, 196.81133431932568
11210, 8, 186.8227598566308
11210, 9, 286.5018535353539
11210, 10, 0
11210, 11, 0
11210, 12, 0
11354, 1, 51.73868929070583
11354, 2, 80.19270564516124
11354, 3, 84.52880040138666
11354, 4, 109.8965641855448
11354, 5, 108.55286905886055
11354, 6, 122.23465125152646
11354, 7, 278.1462827880931
11354, 8, 231.67351775956303
11354, 9, 364.580147999405
11354, 10, 0
11354, 11, 0
11354, 12, 0
10451, 1, 46.94610544897402
10451, 2, 82.35132195866277
10451, 3, 89.96520202020194
10451, 4, 98.46970138888899
10451, 5, 95.36117956551274
10451, 6, 200.39388364173772
10451, 7, 92.8292623490012
10451, 8, 117.08997122421859
10451, 9, 122.83344435837869
10451, 10, 0
10451, 11, 0
10451, 12, 0
10031, 1, 51.45586318120555
10031, 2, 89.17998048459033
10031, 3, 82.15599668262365
10031, 4, 40.40839224975715
10031, 5, 72.50535259133405
10031, 6, 114.20862377754196
10031, 7, 102.33709620508391
10031, 8, 115.43316094801595
10031, 9, 110.9065381744506
10031, 10, 0
10031, 11, 0
10031, 12, 0
11364, 1, 58.25968303726926
11364, 2, 88.4867949459877
11364, 3, 118.47148802147868
11364, 4, 134.56320378151258
11364, 5, 179.00380893504774
11364, 6, 105.87906874500403
11364, 7, 215.24035349151234
11364, 8, 187.83106065059752
11364, 9, 402.13077814569516
11364, 10, 0
11364, 11, 0
11364, 12, 0
10016, 1, 42.61346540178556
10016, 2, 61.485060107376
10016, 3, 79.25445327961538
10016, 4, 94.5123783148706
10016, 5, 188.75214602524812
10016, 6, 176.53947437238534
10016, 7, 127.34314028080355
10016, 8, 141.21169807834445
10016, 9, 209.54731995464863
10016, 10, 0
10016, 11, 0
10016, 12, 0
10301, 1, 56.18900169204732
10301, 2, 93.85324689357097
10301, 3, 75.24320456217806
10301, 4, 97.71678790412479
10301, 5, 94.21815669515686
10301, 6, 83.88139271502888
10301, 7, 127.83618191721142
10301, 8, 168.50612099644135
10301, 9, 202.65461898309462
10301, 10, 0
10301, 11, 0
10301, 12, 0
10305, 1, 44.213513645224126
10305, 2, 77.34304375
10305, 3, 88.04820496633
10305, 4, 55.54833141099585
10305, 5, 88.48211997273341
10305, 6, 100.89011588018741
10305, 7, 109.75510714285709
10305, 8, 179.30386336736197
10305, 9, 228.56262694821504
10305, 10, 0
10305, 11, 0
10305, 12, 0
11217, 1, 41.24629236663723
11217, 2, 75.21946716084813
11217, 3, 80.67288344226576
11217, 4, 106.2631393229166
11217, 5, 135.84827739387947
11217, 6, 87.87291177541181
11217, 7, 153.93651996039185
11217, 8, 182.09474516307375
11217, 9, 198.04800576519926
11217, 10, 0
11217, 11, 0
11217, 12, 0
10022, 1, 49.05381974506966
10022, 2, 84.29325481798718
10022, 3, 105.76503628925835
10022, 4, 230.9731721311476
10022, 5, 209.17039735099328
10022, 6, 211.313399931694
10022, 7, 135.46668538647333
10022, 8, 189.54064115646258
10022, 9, 177.20357163742696
10022, 10, 0
10022, 11, 0
10022, 12, 0
11103, 1, 33.73682164997615
11103, 2, 75.67309819317805
11103, 3, 66.4467995746943
11103, 4, 74.23704901960788
11103, 5, 80.99895182062988
11103, 6, 73.58632339449538
11103, 7, 73.3271727523896
11103, 8, 188.7614753566797
11103, 9, 350.34473978288696
11103, 10, 0
11103, 11, 0
11103, 12, 0
10036, 1, 55.01924968071525
10036, 2, 92.8886970338982
10036, 3, 156.85682507809014
10036, 4, 209.95546666666672
10036, 5, 147.12580148619958
10036, 6, 167.91716877340838
10036, 7, 91.77996567234841
10036, 8, 147.96187731481496
10036, 9, 131.50718734241053
10036, 10, 0
10036, 11, 0
10036, 12, 0
10017, 1, 53.45207564575644
10017, 2, 69.09024293110322
10017, 3, 119.41193037974693
10017, 4, 263.44502821180555
10017, 5, 330.7114163128098
10017, 6, 196.52216478696732
10017, 7, 193.73120009619993
10017, 8, 181.09996610169506
10017, 9, 192.65595291479818
10017, 10, 0
10017, 11, 0
10017, 12, 0
10075, 1, 62.98435544768067
10075, 2, 155.55713066999581
10075, 3, 125.64275121735285
10075, 4, 102.90163228822871
10075, 5, 372.7237166132478
10075, 6, 196.94530736357652
10075, 7, 194.11315536985458
10075, 8, 190.84999158249153
10075, 9, 221.18879996003187
10075, 10, 0
10075, 11, 0
10075, 12, 0
10010, 1, 57.49633302724206
10010, 2, 93.41214849568067
10010, 3, 88.55863313313307
10010, 4, 91.56285411855274
10010, 5, 216.59835473914782
10010, 6, 106.60504527879522
10010, 7, 124.40174219383618
10010, 8, 128.05422321428574
10010, 9, 143.6163419793967
10010, 10, 0
10010, 11, 0
10010, 12, 0
10023, 1, 45.709865444939716
10023, 2, 75.12690587695144
10023, 3, 103.26277904232003
10023, 4, 121.94956732755062
10023, 5, 106.6690160406886
10023, 6, 136.63963923182448
10023, 7, 93.64272544283409
10023, 8, 101.65185596251078
10023, 9, 151.5033573433805
10023, 10, 0
10023, 11, 0
10023, 12, 0
10021, 1, 52.85205503308953
10021, 2, 108.29244703847819
10021, 3, 110.31679088419413
10021, 4, 128.49309742351065
10021, 5, 129.23553360922998
10021, 6, 187.24932870370364
10021, 7, 165.71083866240352
10021, 8, 159.81957894736846
10021, 9, 316.95307315580027
10021, 10, 0
10021, 11, 0
10021, 12, 0
11377, 1, 40.031641075332956
11377, 2, 80.88632633700954
11377, 3, 78.34158654912417
11377, 4, 76.38120954287618
11377, 5, 91.66011582050693
11377, 6, 71.15069606887602
11377, 7, 63.69450993265991
11377, 8, 128.52177626072444
11377, 9, 235.48590370370368
11377, 10, 0
11377, 11, 0
11377, 12, 0
10003, 1, 50.31437362700895
10003, 2, 73.63627182770676
10003, 3, 97.08685645645633
10003, 4, 114.17949344457696
10003, 5, 177.10482938792927
10003, 6, 212.03738544099627
10003, 7, 117.59427874795755
10003, 8, 132.04199320718095
10003, 9, 161.48825801547818
10003, 10, 0
10003, 11, 0
10003, 12, 0
11379, 1, 33.06345766725871
11379, 2, 66.03600912778904
11379, 3, 86.33269963495323
11379, 4, 104.16899518140575
11379, 5, 79.68035253007791
11379, 6, 124.52406046863196
11379, 7, 116.52238360468439
11379, 8, 124.14811404996043
11379, 9, 381.69187939110077
11379, 10, 0
11379, 11, 0
11379, 12, 0
10001, 1, 52.54075073746309
10001, 2, 63.26549818840584
10001, 3, 113.48317334254148
10001, 4, 163.6736553497941
10001, 5, 211.87761605496925
10001, 6, 149.586334622168
10001, 7, 61.00248248494796
10001, 8, 96.7567011148692
10001, 9, 102.32385845635842
10001, 10, 0
10001, 11, 0
10001, 12, 0
10009, 1, 40.227181249999944
10009, 2, 74.49270101925241
10009, 3, 72.8603010930604
10009, 4, 49.260491953182125
10009, 5, 72.90821934329296
10009, 6, 106.50046077271836
10009, 7, 129.9745762711865
10009, 8, 86.90613919101438
10009, 9, 122.13190239551481
10009, 10, 0
10009, 11, 0
10009, 12, 0
11207, 1, 51.596607929515365
11207, 2, 81.90052616226895
11207, 3, 99.84456516263688
11207, 4, 83.2078444684772
11207, 5, 124.65627370916738
11207, 6, 115.15801725485633
11207, 7, 177.49239291348098
11207, 8, 168.3379226976017
11207, 9, 176.04629613378182
11207, 10, 0
11207, 11, 0
11207, 12, 0
11237, 1, 59.62717649889998
11237, 2, 117.86002303844133
11237, 3, 107.00894127444671
11237, 4, 97.44484234872107
11237, 5, 81.51749362895018
11237, 6, 101.750339925655
11237, 7, 168.0317283767772
11237, 8, 120.80573670146651
11237, 9, 133.86801987297656
11237, 10, 0
11237, 11, 0
11237, 12, 0
10002, 1, 49.648200470904804
10002, 2, 80.65956986692002
10002, 3, 89.01120421810693
10002, 4, 64.58030115787126
10002, 5, 107.90112620067492
10002, 6, 108.15565563086564
10002, 7, 119.54198543050335
10002, 8, 116.67322564156811
10002, 9, 99.0739729353436
10002, 10, 0
10002, 11, 0
10002, 12, 0
10065, 1, 50.65728488589605
10065, 2, 98.25142459073497
10065, 3, 102.16921881267554
10065, 4, 150.78063653136545
10065, 5, 133.91515313390312
10065, 6, 190.23599143955263
10065, 7, 102.34250342935526
10065, 8, 150.2370223398002
10065, 9, 151.91078648915192
10065, 10, 0
10065, 11, 0
10065, 12, 0
11104, 1, 48.03608326858323
11104, 2, 100.17163622526637
11104, 3, 117.27041238717719
11104, 4, 75.9828485395965
11104, 5, 82.63746841155229
11104, 6, 63.631878968254
11104, 7, 106.81846145767696
11104, 8, 231.45164473684179
11104, 9, 211.68438907980152
11104, 10, 0
11104, 11, 0
11104, 12, 0
10035, 1, 53.096969385759046
10035, 2, 89.33845163643946
10035, 3, 96.84898148148139
10035, 4, 87.00720865370113
10035, 5, 103.73501126526752
10035, 6, 180.90599726105805
10035, 7, 170.56739150380784
10035, 8, 122.23899598127542
10035, 9, 122.68381616045114
10035, 10, 0
10035, 11, 0
10035, 12, 0
11373, 1, 39.7283077080771
11373, 2, 71.63978519585869
11373, 3, 87.71952504662954
11373, 4, 89.20452725082805
11373, 5, 74.25859561476547
11373, 6, 86.9631477234116
11373, 7, 94.01185326086954
11373, 8, 140.63069461506979
11373, 9, 305.4409346198159
11373, 10, 0
11373, 11, 0
11373, 12, 0
11212, 1, 52.75540342725815
11212, 2, 84.42723605465217
11212, 3, 101.68003908779718
11212, 4, 80.4443028673837
11212, 5, 67.0978950032395
11212, 6, 169.38056428828241
11212, 7, 170.87918137763975
11212, 8, 154.71595361620638
11212, 9, 245.4760914078196
11212, 10, 0
11212, 11, 0
11212, 12, 0
11213, 1, 57.13327273756937
11213, 2, 88.49230639730642
11213, 3, 86.75166078652718
11213, 4, 80.1788918583306
11213, 5, 78.42354568411388
11213, 6, 133.74135167992918
11213, 7, 151.81203837628206
11213, 8, 171.4116792653309
11213, 9, 183.87554613321754
11213, 10, 0
11213, 11, 0
11213, 12, 0
10454, 1, 51.531714489214494
10454, 2, 95.46096511855768
10454, 3, 89.5329800853485
10454, 4, 144.62780059394453
10454, 5, 123.20903971993197
10454, 6, 191.05822557890588
10454, 7, 116.21498522137767
10454, 8, 110.21205071712453
10454, 9, 142.1401464521453
10454, 10, 0
10454, 11, 0
10454, 12, 0
10128, 1, 61.278066265060176
10128, 2, 109.6007495915033
10128, 3, 104.5846409906839
10128, 4, 94.30823043390107
10128, 5, 71.75279522275898
10128, 6, 190.20495971162032
10128, 7, 141.4830626780628
10128, 8, 174.7935514364174
10128, 9, 173.44885973282462
10128, 10, 0
10128, 11, 0
10128, 12, 0
11375, 1, 54.99467061094325
11375, 2, 87.28297696653631
11375, 3, 98.59446390658204
11375, 4, 104.35595820591226
11375, 5, 91.67925336997783
11375, 6, 86.4837311544815
11375, 7, 153.7535228601808
11375, 8, 178.45453168212146
11375, 9, 296.3456997906998
11375, 10, 0
11375, 11, 0
11375, 12, 0
10004, 1, 24.900878636146892
10004, 2, 42.96678781204114
10004, 3, 174.53820707070705
10004, 4, 83.78981611893585
10004, 5, 156.5709034792368
10004, 6, 141.3846238785368
10004, 7, 82.48641055949568
10004, 8, 104.06500964506172
10004, 9, 206.84601296296285
10004, 10, 0
10004, 11, 0
10004, 12, 0
10458, 1, 49.56982818304623
10458, 2, 94.07274292965916
10458, 3, 124.15122711589916
10458, 4, 98.52350262734132
10458, 5, 143.99523504273486
10458, 6, 218.25452639525543
10458, 7, 130.81021443262847
10458, 8, 145.095476105137
10458, 9, 117.04262951880057
10458, 10, 0
10458, 11, 0
10458, 12, 0
11230, 1, 55.87787843592721
11230, 2, 75.34025834772591
11230, 3, 97.2483388535595
11230, 4, 82.00579845540615
11230, 5, 87.34925652925675
11230, 6, 145.84619471744466
11230, 7, 188.68802257959686
11230, 8, 232.44246274473122
11230, 9, 287.6593442118228
11230, 10, 0
11230, 11, 0
11230, 12, 0
10168, 1, 2.6025
10168, 2, 256.841875
10168, 3, 102.35388888888889
10168, 4, 328.91270833333334
10168, 5, 1081.7504166666668
10168, 6, 0.3711111111111111
10168, 7, 0.17324074074074072
10168, 8, 0
10168, 9, 16.25111111111111
10168, 10, 0
10168, 11, 0
10168, 12, 0
11238, 1, 49.410420061400394
11238, 2, 64.93853269782696
11238, 3, 79.79913769723875
11238, 4, 93.35006461497485
11238, 5, 119.26350750750738
11238, 6, 97.33933901891787
11238, 7, 142.23001975984178
11238, 8, 173.18484889612745
11238, 9, 138.3328768807871
11238, 10, 0
11238, 11, 0
11238, 12, 0
11224, 1, 56.5609135367762
11224, 2, 64.79941446842521
11224, 3, 79.80799407407406
11224, 4, 75.45334413933382
11224, 5, 82.56934782608685
11224, 6, 85.0213855125843
11224, 7, 114.05083853934238
11224, 8, 135.71658741480422
11224, 9, 206.28002917833834
11224, 10, 0
11224, 11, 0
11224, 12, 0
10453, 1, 50.08284683855123
10453, 2, 113.6838541175546
10453, 3, 129.08637996286762
10453, 4, 83.57255351681965
10453, 5, 130.14343299897166
10453, 6, 159.96292250437816
10453, 7, 60.27905806932136
10453, 8, 92.0341985452587
10453, 9, 123.04939866743352
10453, 10, 0
10453, 11, 0
10453, 12, 0
10457, 1, 57.90925126191816
10457, 2, 84.46672833011871
10457, 3, 94.25821407004854
10457, 4, 77.55582474226799
10457, 5, 136.08264495062167
10457, 6, 146.18011188271598
10457, 7, 70.36046830940381
10457, 8, 78.98686073129664
10457, 9, 132.27937836665728
10457, 10, 0
10457, 11, 0
10457, 12, 0
11236, 1, 55.44522284836063
11236, 2, 77.06185601056805
11236, 3, 101.13033785330119
11236, 4, 111.44546322601
11236, 5, 83.79580939166381
11236, 6, 99.33711097461102
11236, 7, 132.47679288297934
11236, 8, 134.5814440329214
11236, 9, 203.24616057649968
11236, 10, 0
11236, 11, 0
11236, 12, 0
11234, 1, 119.71990740740745
11234, 2, 241.32157827373797
11234, 3, 130.48456962423586
11234, 4, 139.73670315442564
11234, 5, 85.43947825418783
11234, 6, 81.51950873055974
11234, 7, 129.21987549117065
11234, 8, 160.1165148252816
11234, 9, 712.5010592224594
11234, 10, 0
11234, 11, 0
11234, 12, 0
11413, 1, 46.56761765381088
11413, 2, 75.28724444444447
11413, 3, 102.8240108858858
11413, 4, 140.60768042157886
11413, 5, 208.07365860990865
11413, 6, 80.05681413301674
11413, 7, 115.83882565991408
11413, 8, 135.84673353465632
11413, 9, 298.4930811160385
11413, 10, 0
11413, 11, 0
11413, 12, 0
11432, 1, 45.095524024024
11432, 2, 79.41892727422812
11432, 3, 107.13979746113247
11432, 4, 123.61540613718398
11432, 5, 137.42886013146236
11432, 6, 90.82519000686484
11432, 7, 95.42041325311477
11432, 8, 162.23469626168242
11432, 9, 297.9718503999367
11432, 10, 0
11432, 11, 0
11432, 12, 0
11361, 1, 53.17956790123454
11361, 2, 87.46735573476705
11361, 3, 87.38103551336138
11361, 4, 135.1277935862693
11361, 5, 168.7579866494402
11361, 6, 137.42148355754853
11361, 7, 184.39962068602713
11361, 8, 200.310597883598
11361, 9, 440.5811090723751
11361, 10, 0
11361, 11, 0
11361, 12, 0
11372, 1, 49.43871552127158
11372, 2, 82.30326296296302
11372, 3, 87.27550422352174
11372, 4, 80.00608253761568
11372, 5, 59.927511267881655
11372, 6, 88.51431950255673
11372, 7, 55.76786477120036
11372, 8, 190.6188902669503
11372, 9, 240.06175078942186
11372, 10, 0
11372, 11, 0
11372, 12, 0
11419, 1, 37.35749154756416
11419, 2, 56.99623268493956
11419, 3, 54.86376427551751
11419, 4, 99.7066698277225
11419, 5, 108.31102494112616
11419, 6, 67.36965469613249
11419, 7, 57.77848643768255
11419, 8, 166.7608161883356
11419, 9, 198.15162472205333
11419, 10, 0
11419, 11, 0
11419, 12, 0
10466, 1, 59.67633689532338
10466, 2, 111.07354624807111
10466, 3, 94.00964008774612
10466, 4, 19.615245618126046
10466, 5, 30.798591709926068
10466, 6, 53.326813446139305
10466, 7, 34.29905633416869
10466, 8, 28.465054472396915
10466, 9, 30.429870209719912
10466, 10, 0
10466, 11, 0
10466, 12, 0
10472, 1, 41.5578548040795
10472, 2, 78.52528503818444
10472, 3, 96.41870305336063
10472, 4, 117.78525578452621
10472, 5, 148.49846875865907
10472, 6, 183.53690745423032
10472, 7, 97.32733827267056
10472, 8, 80.24773718047226
10472, 9, 112.94665171346149
10472, 10, 0
10472, 11, 0
10472, 12, 0
10029, 1, 45.83960349462362
10029, 2, 81.13424295982087
10029, 3, 70.71247925521156
10029, 4, 59.82651033936879
10029, 5, 58.90682453465482
10029, 6, 91.80796594387287
10029, 7, 128.74983312108674
10029, 8, 102.20923649309384
10029, 9, 139.44831812210464
10029, 10, 0
10029, 11, 0
10029, 12, 0
11691, 1, 52.3171382831429
11691, 2, 88.49803367274032
11691, 3, 123.95095584835855
11691, 4, 101.4836889301174
11691, 5, 112.82572770467833
11691, 6, 170.1110380504071
11691, 7, 156.27830049782838
11691, 8, 234.6361533290307
11691, 9, 509.8021131290198
11691, 10, 0
11691, 11, 0
11691, 12, 0
11433, 1, 43.42019607843138
11433, 2, 67.40740444444445
11433, 3, 73.40142877252264
11433, 4, 112.3188022700118
11433, 5, 139.54281165311644
11433, 6, 87.07173761187514
11433, 7, 141.7405731120734
11433, 8, 157.36109884332288
11433, 9, 216.66676176854375
11433, 10, 0
11433, 11, 0
11433, 12, 0
11204, 1, 38.35460283937585
11204, 2, 58.26904342921597
11204, 3, 87.71980166398288
11204, 4, 72.96627718111911
11204, 5, 81.21048685048665
11204, 6, 80.59164867039303
11204, 7, 129.87857912212493
11204, 8, 191.41274062165087
11204, 9, 268.66645123106025
11204, 10, 0
11204, 11, 0
11204, 12, 0
10306, 1, 53.196748040988524
10306, 2, 64.53537079903971
10306, 3, 77.94746208112883
10306, 4, 108.78676913053783
10306, 5, 101.61647850770484
10306, 6, 85.54749097472912
10306, 7, 110.58971197632061
10306, 8, 175.38939545164533
10306, 9, 312.0398580723579
10306, 10, 0
10306, 11, 0
10306, 12, 0
11412, 1, 48.82139018087859
11412, 2, 80.07225963977683
11412, 3, 103.24480333046229
11412, 4, 134.24964982688084
11412, 5, 94.21648072562364
11412, 6, 123.9677526354052
11412, 7, 162.03073186959395
11412, 8, 187.47915391286628
11412, 9, 356.1971928488538
11412, 10, 0
11412, 11, 0
11412, 12, 0
11416, 1, 43.44122560060061
11416, 2, 87.56688189845478
11416, 3, 54.399665274614044
11416, 4, 65.33454673423425
11416, 5, 104.35993466898967
11416, 6, 61.66603367748276
11416, 7, 59.683182261208614
11416, 8, 159.66909867056958
11416, 9, 211.5314423076921
11416, 10, 0
11416, 11, 0
11416, 12, 0
11694, 1, 51.49666453810135
11694, 2, 130.1403346994535
11694, 3, 141.88184656084638
11694, 4, 118.88218551587299
11694, 5, 86.9576481481482
11694, 6, 67.61681961313538
11694, 7, 51.7104260935143
11694, 8, 98.83302807486629
11694, 9, 287.51945947570954
11694, 10, 0
11694, 11, 0
11694, 12, 0
11434, 1, 45.91780874785597
11434, 2, 93.21891165064913
11434, 3, 87.7058859259261
11434, 4, 114.95794399641574
11434, 5, 116.672191066509
11434, 6, 96.50362563272762
11434, 7, 156.2273100475386
11434, 8, 159.14017901234556
11434, 9, 331.5600795059978
11434, 10, 0
11434, 11, 0
11434, 12, 0
10011, 1, 50.13913279132786
10011, 2, 87.60991909385118
10011, 3, 103.80525608827996
10011, 4, 118.42729190367832
10011, 5, 154.7288364844499
10011, 6, 171.78856315968673
10011, 7, 169.5686895061727
10011, 8, 151.298096953609
10011, 9, 124.5786471245115
10011, 10, 0
10011, 11, 0
10011, 12, 0
10040, 1, 37.69342699020859
10040, 2, 65.19738133764824
10040, 3, 62.94826509386098
10040, 4, 38.03222301286102
10040, 5, 27.99530478886533
10040, 6, 74.49425639166162
10040, 7, 40.40905478237127
10040, 8, 55.433994675034526
10040, 9, 148.3955328653477
10040, 10, 0
10040, 11, 0
10040, 12, 0
10032, 1, 42.29604789103691
10032, 2, 86.08112558139526
10032, 3, 75.84405588299488
10032, 4, 49.482707501995236
10032, 5, 65.2017253469149
10032, 6, 83.36070539212002
10032, 7, 83.08023535661488
10032, 8, 79.50578557063852
10032, 9, 183.25627901711294
10032, 10, 0
10032, 11, 0
10032, 12, 0
10460, 1, 48.5481792717087
10460, 2, 84.62556123552947
10460, 3, 115.89331813819601
10460, 4, 94.20880151411654
10460, 5, 154.508423548922
10460, 6, 215.1582448095365
10460, 7, 93.93102260290289
10460, 8, 143.76253939393914
10460, 9, 126.86257489412064
10460, 10, 0
10460, 11, 0
10460, 12, 0
10034, 1, 41.31616352201261
10034, 2, 70.79356704824211
10034, 3, 101.5781302298487
10034, 4, 62.59150603554795
10034, 5, 33.41087055700722
10034, 6, 75.50451133430113
10034, 7, 59.163563829787094
10034, 8, 44.09714796835676
10034, 9, 99.19371452671479
10034, 10, 0
10034, 11, 0
10034, 12, 0
11221, 1, 48.61431351865646
11221, 2, 81.39898540113599
11221, 3, 95.3043526031102
11221, 4, 69.74227204428621
11221, 5, 47.84119870580803
11221, 6, 103.06679029060943
11221, 7, 147.43754949294467
11221, 8, 131.88636425320468
11221, 9, 143.29803530332325
11221, 10, 0
11221, 11, 0
11221, 12, 0
11205, 1, 42.09980487804877
11205, 2, 77.05519774994197
11205, 3, 84.55906604308396
11205, 4, 68.63035660660665
11205, 5, 98.14796037078494
11205, 6, 183.4973162248545
11205, 7, 116.34452830714355
11205, 8, 197.03142620232154
11205, 9, 196.0314460125447
11205, 10, 0
11205, 11, 0
11205, 12, 0
10459, 1, 43.88032519414577
10459, 2, 112.33202630166411
10459, 3, 112.40025525525535
10459, 4, 112.56527777777778
10459, 5, 166.6889436090223
10459, 6, 255.53254761904748
10459, 7, 172.20568475452205
10459, 8, 161.1638310478202
10459, 9, 168.51748270561072
10459, 10, 0
10459, 11, 0
10459, 12, 0
11231, 1, 53.191505247547326
11231, 2, 80.04705165692013
11231, 3, 78.90933684672815
11231, 4, 95.80940842138979
11231, 5, 93.02553524904208
11231, 6, 192.4060341165536
11231, 7, 147.9123204076561
11231, 8, 139.10745864441506
11231, 9, 236.21474195906427
11231, 10, 0
11231, 11, 0
11231, 12, 0
10033, 1, 48.51205795677798
10033, 2, 89.20247102418358
10033, 3, 86.4530872539204
10033, 4, 56.82815116279074
10033, 5, 57.51989348634791
10033, 6, 143.34768268360878
10033, 7, 109.64093382424423
10033, 8, 82.52419607677588
10033, 9, 195.09137485629225
10033, 10, 0
10033, 11, 0
10033, 12, 0
11423, 1, 36.3638830321285
11423, 2, 78.53883009543289
11423, 3, 100.53645061728395
11423, 4, 132.34951043585036
11423, 5, 111.09672364672379
11423, 6, 121.77814635023383
11423, 7, 135.74602298254712
11423, 8, 166.0722434497816
11423, 9, 269.66458644943054
11423, 10, 0
11423, 11, 0
11423, 12, 0
11422, 1, 49.84174677486477
11422, 2, 81.76671470342522
11422, 3, 81.60697211155386
11422, 4, 144.83683159722216
11422, 5, 167.79613556953166
11422, 6, 100.07630386565272
11422, 7, 79.10875191424195
11422, 8, 179.5526133565116
11422, 9, 283.86832633420823
11422, 10, 0
11422, 11, 0
11422, 12, 0
11233, 1, 56.371051487796706
11233, 2, 94.04621701388903
11233, 3, 104.77374354005178
11233, 4, 105.6605970017637
11233, 5, 84.43825320156942
11233, 6, 158.44986832527476
11233, 7, 167.36762382445158
11233, 8, 143.74264623103252
11233, 9, 213.89509467332505
11233, 10, 0
11233, 11, 0
11233, 12, 0
11226, 1, 54.38136099842227
11226, 2, 90.66566056386462
11226, 3, 80.75650518990318
11226, 4, 52.96142814598223
11226, 5, 75.10582412624771
11226, 6, 89.71941849086316
11226, 7, 215.0473761475155
11226, 8, 175.6736287324269
11226, 9, 164.4302649118366
11226, 10, 0
11226, 11, 0
11226, 12, 0
11216, 1, 54.79259617682196
11216, 2, 96.21995480032055
11216, 3, 103.01175412947576
11216, 4, 85.94469994212976
11216, 5, 80.00619295634922
11216, 6, 116.90006206129061
11216, 7, 171.16221564370755
11216, 8, 147.84462664811502
11216, 9, 186.59104559452024
11216, 10, 0
11216, 11, 0
11216, 12, 0
10455, 1, 48.547291452991466
10455, 2, 90.5032826206141
10455, 3, 91.97623426573422
10455, 4, 70.69830872483223
10455, 5, 91.68260610847817
10455, 6, 154.80972387566143
10455, 7, 113.48493802160044
10455, 8, 120.55428851540645
10455, 9, 138.74831881830613
10455, 10, 0
10455, 11, 0
10455, 12, 0
10473, 1, 40.93577252252248
10473, 2, 69.6540526653822
10473, 3, 85.09152777777778
10473, 4, 65.516311914324
10473, 5, 80.33283215994216
10473, 6, 92.2888380829017
10473, 7, 84.65093006125458
10473, 8, 100.02590632183899
10473, 9, 105.99840540862525
10473, 10, 0
10473, 11, 0
10473, 12, 0
10024, 1, 50.26289649608113
10024, 2, 90.72262566137574
10024, 3, 110.78298233182157
10024, 4, 110.2109719772681
10024, 5, 99.87375185680332
10024, 6, 163.8484779553187
10024, 7, 154.02728263649144
10024, 8, 132.01093541602546
10024, 9, 97.7963017167838
10024, 10, 0
10024, 11, 0
10024, 12, 0
11360, 1, 39.4117716535433
11360, 2, 90.60976267529665
11360, 3, 112.84497329059832
11360, 4, 52.65527904040398
11360, 5, 89.05309188935766
11360, 6, 171.35041111111107
11360, 7, 395.6344389547652
11360, 8, 183.20790209790223
11360, 9, 707.2892524968792
11360, 10, 0
11360, 11, 0
11360, 12, 0
10469, 1, 46.56820881226051
10469, 2, 82.0501146723646
10469, 3, 92.94802443384977
10469, 4, 107.82859236002092
10469, 5, 148.95732937609188
10469, 6, 150.83529858299602
10469, 7, 171.2926250303471
10469, 8, 143.0630944376529
10469, 9, 213.41238185346924
10469, 10, 0
10469, 11, 0
10469, 12, 0
11435, 1, 48.496809968061875
11435, 2, 70.66230807330363
11435, 3, 101.02398798591983
11435, 4, 74.23171703834129
11435, 5, 100.77810524425291
11435, 6, 82.02682958750788
11435, 7, 97.20675823917136
11435, 8, 152.67000429754643
11435, 9, 307.82095928827005
11435, 10, 0
11435, 11, 0
11435, 12, 0
11219, 1, 55.63040745208411
11219, 2, 79.87153381642524
11219, 3, 110.73961813687221
11219, 4, 85.57040619420415
11219, 5, 95.09384439761163
11219, 6, 115.71893507521766
11219, 7, 145.82643395390087
11219, 8, 147.5120370370372
11219, 9, 182.21738013384697
11219, 10, 0
11219, 11, 0
11219, 12, 0
11428, 1, 38.08713298139772
11428, 2, 60.725358270202015
11428, 3, 63.460418439716285
11428, 4, 58.48082425562819
11428, 5, 263.3793698659747
11428, 6, 169.85381962671337
11428, 7, 160.18897691705808
11428, 8, 198.36991991991994
11428, 9, 399.9872420634921
11428, 10, 0
11428, 11, 0
11428, 12, 0
10468, 1, 51.1942706237425
10468, 2, 79.53646434667921
10468, 3, 118.02633059554563
10468, 4, 66.5332998361711
10468, 5, 109.8320979312647
10468, 6, 132.14122926038792
10468, 7, 97.88956235176056
10468, 8, 121.78059553407022
10468, 9, 117.71093499066279
10468, 10, 0
10468, 11, 0
10468, 12, 0
11229, 1, 55.635940117252964
11229, 2, 80.43186423405669
11229, 3, 87.15985096207321
11229, 4, 109.18854924242417
11229, 5, 95.38405177696067
11229, 6, 114.77012351603058
11229, 7, 234.65929953069485
11229, 8, 170.46421960042466
11229, 9, 266.4885223324013
11229, 10, 0
11229, 11, 0
11229, 12, 0
11218, 1, 52.71272264173557
11218, 2, 80.27093742017871
11218, 3, 102.19998739864131
11218, 4, 80.38038523223004
11218, 5, 86.24505216022035
11218, 6, 110.58461129207373
11218, 7, 151.74184054122398
11218, 8, 173.24171533130885
11218, 9, 204.6952813568758
11218, 10, 0
11218, 11, 0
11218, 12, 0
11421, 1, 34.3818181017785
11421, 2, 70.46772270955158
11421, 3, 111.18600947627304
11421, 4, 73.87382213261645
11421, 5, 91.2732310379242
11421, 6, 136.67848087818686
11421, 7, 47.59653863487378
11421, 8, 129.9325358135557
11421, 9, 198.28703273516885
11421, 10, 0
11421, 11, 0
11421, 12, 0
11203, 1, 64.18323804302433
11203, 2, 95.7714204871881
11203, 3, 101.07780665826502
11203, 4, 81.17576103500757
11203, 5, 102.19686806730587
11203, 6, 106.7708322266494
11203, 7, 165.68866980474215
11203, 8, 159.2108795321637
11203, 9, 209.3549621071519
11203, 10, 0
11203, 11, 0
11203, 12, 0
10310, 1, 43.273450363196105
10310, 2, 63.61222000000001
10310, 3, 84.67542824074069
10310, 4, 78.83762397464581
10310, 5, 78.02889658965898
10310, 6, 74.25123846290377
10310, 7, 114.78000042933179
10310, 8, 149.2825835555556
10310, 9, 218.45587132725416
10310, 10, 0
10310, 11, 0
10310, 12, 0
11225, 1, 44.68985075740614
11225, 2, 91.28786136595318
11225, 3, 83.93347015542328
11225, 4, 61.478246404298915
11225, 5, 87.6851022800258
11225, 6, 109.40799326474108
11225, 7, 213.60324432960098
11225, 8, 155.66957253338177
11225, 9, 135.60147317902914
11225, 10, 0
11225, 11, 0
11225, 12, 0
11420, 1, 31.9895482434022
11420, 2, 57.92343041620212
11420, 3, 67.220066042267
11420, 4, 122.96641217905024
11420, 5, 150.07944692737425
11420, 6, 77.82978570329325
11420, 7, 58.25542815226624
11420, 8, 173.14346421215168
11420, 9, 302.15297085117584
11420, 10, 0
11420, 11, 0
11420, 12, 0
10452, 1, 46.83707859489511
10452, 2, 126.99544596528915
10452, 3, 114.05644634091935
10452, 4, 66.66002846542587
10452, 5, 114.61730262690814
10452, 6, 211.42812612113573
10452, 7, 103.57202310090672
10452, 8, 102.52404872621238
10452, 9, 109.33509537543001
10452, 10, 0
10452, 11, 0
10452, 12, 0
10028, 1, 58.93218599033818
10028, 2, 110.4290680166148
10028, 3, 113.41219202898546
10028, 4, 97.07456254158346
10028, 5, 45.186603095632975
10028, 6, 106.11955451955428
10028, 7, 115.62657763061068
10028, 8, 101.01061553841757
10028, 9, 190.3142780073463
10028, 10, 0
10028, 11, 0
10028, 12, 0
11427, 1, 54.23232172470981
11427, 2, 94.17706079115766
11427, 3, 106.55841627172202
11427, 4, 199.4904306162058
11427, 5, 134.40168893577118
11427, 6, 183.3407450980392
11427, 7, 94.75674831380888
11427, 8, 232.39856110023953
11427, 9, 398.84456518308093
11427, 10, 0
11427, 11, 0
11427, 12, 0
10025, 1, 55.78833333333332
10025, 2, 94.9024857549857
10025, 3, 95.79900821769517
10025, 4, 104.74179439827634
10025, 5, 61.491755672926566
10025, 6, 173.69515550041353
10025, 7, 146.47131977946268
10025, 8, 159.95733388520958
10025, 9, 110.02321688658142
10025, 10, 0
10025, 11, 0
10025, 12, 0
11211, 1, 59.86980186873802
11211, 2, 72.6459678863153
11211, 3, 92.90898413408924
11211, 4, 97.8647928192717
11211, 5, 108.91171956728469
11211, 6, 101.67614938129856
11211, 7, 136.79644388790683
11211, 8, 133.14109711644846
11211, 9, 166.43124778284542
11211, 10, 0
11211, 11, 0
11211, 12, 0
10019, 1, 51.78386716325262
10019, 2, 70.6212131254061
10019, 3, 90.06510866306954
10019, 4, 147.713086419753
10019, 5, 62.54980680425975
10019, 6, 191.95388318112614
10019, 7, 97.38330038480032
10019, 8, 93.5416680249933
10019, 9, 109.21113498763536
10019, 10, 0
10019, 11, 0
10019, 12, 0
11208, 1, 51.96886790008285
11208, 2, 90.53774091141824
11208, 3, 82.33185244730277
11208, 4, 93.69589661738345
11208, 5, 96.52225391794323
11208, 6, 94.56084463003306
11208, 7, 123.94492420620719
11208, 8, 145.40319606633133
11208, 9, 162.0517475163152
11208, 10, 0
11208, 11, 0
11208, 12, 0
10467, 1, 51.3985786085744
10467, 2, 116.23557453119037
10467, 3, 156.4808098518868
10467, 4, 80.68759775124771
10467, 5, 160.9529914206409
10467, 6, 248.70700595869164
10467, 7, 175.03062336465845
10467, 8, 168.77424893394456
10467, 9, 170.51492608836912
10467, 10, 0
10467, 11, 0
10467, 12, 0
11693, 1, 62.32398842592589
11693, 2, 69.19617697594504
11693, 3, 69.0170825115056
11693, 4, 70.2853118609407
11693, 5, 50.475433006535965
11693, 6, 55.25055262386395
11693, 7, 95.843452991453
11693, 8, 176.22438928761295
11693, 9, 281.4272017837236
11693, 10, 0
11693, 11, 0
11693, 12, 0
11101, 1, 44.24021730726751
11101, 2, 57.613588302378616
11101, 3, 73.6187147745571
11101, 4, 73.33330931495405
11101, 5, 94.88949698535727
11101, 6, 63.14434023924036
11101, 7, 64.73758168065092
11101, 8, 146.63165239789478
11101, 9, 176.3806666666667
11101, 10, 0
11101, 11, 0
11101, 12, 0
10456, 1, 44.49775991623553
10456, 2, 98.99180792788138
10456, 3, 105.10090449082874
10456, 4, 90.93656971677561
10456, 5, 161.1000440009332
10456, 6, 191.37668367881017
10456, 7, 117.99744631011582
10456, 8, 131.39829228624555
10456, 9, 143.06760050575437
10456, 10, 0
10456, 11, 0
10456, 12, 0
11692, 1, 51.52392006802718
11692, 2, 89.54710470085467
11692, 3, 105.35690399136999
11692, 4, 87.80823204419889
11692, 5, 165.77548141186315
11692, 6, 158.17614015976739
11692, 7, 74.7137095065093
11692, 8, 225.03665437561457
11692, 9, 771.9316812386159
11692, 10, 0
11692, 11, 0
11692, 12, 0
11385, 1, 36.37186334397699
11385, 2, 57.46007253307832
11385, 3, 64.51414886039865
11385, 4, 59.2000485964293
11385, 5, 81.37285551558745
11385, 6, 97.69819207432721
11385, 7, 106.80762422791311
11385, 8, 126.55016589630605
11385, 9, 233.61829283026321
11385, 10, 0
11385, 11, 0
11385, 12, 0
10302, 1, 56.337903439153465
10302, 2, 77.0966556873078
10302, 3, 153.03308519982426
10302, 4, 120.79711401160186
10302, 5, 94.94882157755023
10302, 6, 122.00935382190706
10302, 7, 198.2324071782176
10302, 8, 175.33232058896309
10302, 9, 280.69242280573775
10302, 10, 0
10302, 11, 0
10302, 12, 0
10314, 1, 48.278772183641955
10314, 2, 69.60849159828051
10314, 3, 83.03212837446421
10314, 4, 106.8826568717478
10314, 5, 109.97420726720414
10314, 6, 91.1899762565136
10314, 7, 113.032087357522
10314, 8, 133.19140580363856
10314, 9, 242.38757304288055
10314, 10, 0
10314, 11, 0
10314, 12, 0
11369, 1, 37.13022081575243
11369, 2, 73.41659027777774
11369, 3, 104.92877296587939
11369, 4, 240.9630112196891
11369, 5, 167.6622140201226
11369, 6, 128.02708356442963
11369, 7, 69.61960623634224
11369, 8, 160.0008101152512
11369, 9, 224.08427497121474
11369, 10, 0
11369, 11, 0
11369, 12, 0
11370, 1, 36.42253187613841
11370, 2, 54.72518962689628
11370, 3, 90.80233789260389
11370, 4, 129.93954393223007
11370, 5, 135.24147080726843
11370, 6, 61.55704917114698
11370, 7, 99.89311989379091
11370, 8, 147.09904285254865
11370, 9, 228.2000505514705
11370, 10, 0
11370, 11, 0
11370, 12, 0
11102, 1, 42.70915580704162
11102, 2, 51.036957070707054
11102, 3, 88.4103494785398
11102, 4, 71.89934697855749
11102, 5, 97.87107118586462
11102, 6, 83.23008881735798
11102, 7, 87.01564365671643
11102, 8, 161.11079656862748
11102, 9, 245.70668925596505
11102, 10, 0
11102, 11, 0
11102, 12, 0
10462, 1, 44.89618898809514
10462, 2, 80.318899880096
10462, 3, 81.53032139282148
10462, 4, 79.45594017094021
10462, 5, 123.33265162542479
10462, 6, 214.377331018518
10462, 7, 95.75131816902405
10462, 8, 123.70392029592408
10462, 9, 188.75863331657453
10462, 10, 0
10462, 11, 0
10462, 12, 0
10463, 1, 39.85751302474705
10463, 2, 71.21132505012123
10463, 3, 88.46212932226844
10463, 4, 63.38936273203659
10463, 5, 75.81310053744612
10463, 6, 93.51520586274252
10463, 7, 84.11635907093547
10463, 8, 128.4242639712339
10463, 9, 150.60746464338868
10463, 10, 0
10463, 11, 0
10463, 12, 0
11414, 1, 41.55732549857553
11414, 2, 92.19099667082811
11414, 3, 68.98763888888892
11414, 4, 111.78765758547007
11414, 5, 144.89039845758327
11414, 6, 66.41953784783021
11414, 7, 89.89583619210987
11414, 8, 164.41853784722207
11414, 9, 284.26413692373063
11414, 10, 0
11414, 11, 0
11414, 12, 0
11106, 1, 42.589253472222225
11106, 2, 64.47414542483669
11106, 3, 83.81235622065732
11106, 4, 70.02800934677596
11106, 5, 103.43158354537749
11106, 6, 64.8449994026284
11106, 7, 132.334334579562
11106, 8, 188.34205157375825
11106, 9, 241.56015487354367
11106, 10, 0
11106, 11, 0
11106, 12, 0
11356, 1, 27.08232528659613
11356, 2, 48.64800010663245
11356, 3, 55.36721615720507
11356, 4, 90.14062678062675
11356, 5, 92.03580597291766
11356, 6, 80.56584588353421
11356, 7, 210.34844155844178
11356, 8, 168.19824831838574
11356, 9, 343.00231277981254
11356, 10, 0
11356, 11, 0
11356, 12, 0
10012, 1, 47.2583130978661
10012, 2, 67.57797830038632
10012, 3, 103.48026113671271
10012, 4, 128.17333816425125
10012, 5, 167.08703668159518
10012, 6, 166.09306251086795
10012, 7, 140.3150815270454
10012, 8, 161.4191545189504
10012, 9, 202.86172316384182
10012, 10, 0
10012, 11, 0
10012, 12, 0
10027, 1, 52.84404568029567
10027, 2, 75.77465182212043
10027, 3, 105.92300289507845
10027, 4, 57.28916292639128
10027, 5, 79.72671088159849
10027, 6, 105.81182268811953
10027, 7, 150.79297861095566
10027, 8, 157.74403994881177
10027, 9, 119.65193980514968
10027, 10, 0
10027, 11, 0
10027, 12, 0
10470, 1, 67.36801215277774
10470, 2, 117.32720952380954
10470, 3, 107.56719376138435
10470, 4, 58.56135928247996
10470, 5, 159.76751685148943
10470, 6, 151.88252806813782
10470, 7, 159.97571527777774
10470, 8, 151.63163247863258
10470, 9, 177.73863419057042
10470, 10, 0
10470, 11, 0
10470, 12, 0
10014, 1, 66.63120455945777
10014, 2, 75.70530239099861
10014, 3, 123.88932991293551
10014, 4, 137.3686178861788
10014, 5, 108.76083200425323
10014, 6, 149.48465924775704
10014, 7, 120.82611505122142
10014, 8, 162.01218434343446
10014, 9, 218.50691935034132
10014, 10, 0
10014, 11, 0
10014, 12, 0
11357, 1, 37.20202380952382
11357, 2, 77.7927202614379
11357, 3, 105.69301415886733
11357, 4, 126.16985842726771
11357, 5, 124.54869166666681
11357, 6, 96.02416219193171
11357, 7, 193.14162640366428
11357, 8, 203.63461622501157
11357, 9, 362.7001641116353
11357, 10, 0
11357, 11, 0
11357, 12, 0
11214, 1, 31.289686190715603
11214, 2, 51.42555459604684
11214, 3, 63.14251231635445
11214, 4, 84.4976676343351
11214, 5, 106.75318535353537
11214, 6, 81.71262724262732
11214, 7, 142.9121625434027
11214, 8, 143.20925286153002
11214, 9, 245.4808456097923
11214, 10, 0
11214, 11, 0
11214, 12, 0
11367, 1, 50.81433660130721
11367, 2, 141.03004235907446
11367, 3, 94.64861172566377
11367, 4, 133.2700964737193
11367, 5, 104.51772316185108
11367, 6, 94.05446455026456
11367, 7, 77.00719233147805
11367, 8, 211.24664753596568
11367, 9, 345.0768209432456
11367, 10, 0
11367, 11, 0
11367, 12, 0
11358, 1, 33.12832164466447
11358, 2, 66.99218308955604
11358, 3, 116.94179808171401
11358, 4, 84.90940509259264
11358, 5, 109.59295505304287
11358, 6, 157.09801330321287
11358, 7, 163.8285222742243
11358, 8, 239.35376617581434
11358, 9, 417.5678064986285
11358, 10, 0
11358, 11, 0
11358, 12, 0
11374, 1, 48.041698155645555
11374, 2, 78.81249357739239
11374, 3, 84.31052170283805
11374, 4, 80.1627654867256
11374, 5, 129.33224949647536
11374, 6, 108.32561380704799
11374, 7, 158.1800211398613
11374, 8, 187.77744891871765
11374, 9, 258.68244167074556
11374, 10, 0
11374, 11, 0
11374, 12, 0
10038, 1, 20.79610153256705
10038, 2, 43.51575679012343
10038, 3, 82.61236614051373
10038, 4, 94.02881481481481
10038, 5, 55.14037598204266
10038, 6, 128.47889823119078
10038, 7, 106.7660777547734
10038, 8, 93.73827951883514
10038, 9, 152.95073075526508
10038, 10, 0
10038, 11, 0
10038, 12, 0
10309, 1, 65.39008326508319
10309, 2, 79.40056666666663
10309, 3, 110.60391093474433
10309, 4, 96.8684809027778
10309, 5, 105.50967741935492
10309, 6, 104.50501863975259
10309, 7, 104.60039137233262
10309, 8, 177.02462836815013
10309, 9, 271.6906322711178
10309, 10, 0
10309, 11, 0
10309, 12, 0
11436, 1, 47.9711346362649
11436, 2, 65.74585849056602
11436, 3, 68.96565082230249
11436, 4, 104.84171804752734
11436, 5, 118.19560234699932
11436, 6, 102.0281917874396
11436, 7, 159.08642452645967
11436, 8, 154.56725555555568
11436, 9, 274.16881731973507
11436, 10, 0
11436, 11, 0
11436, 12, 0
11411, 1, 51.7445374449339
11411, 2, 86.15970293209874
11411, 3, 87.9665039158101
11411, 4, 72.81267019910085
11411, 5, 180.58485947712416
11411, 6, 90.1190319406601
11411, 7, 81.98373064384671
11411, 8, 183.39123386150214
11411, 9, 242.26505650871457
11411, 10, 0
11411, 11, 0
11411, 12, 0
11368, 1, 30.513111371935317
11368, 2, 62.94436128257888
11368, 3, 68.06726035868901
11368, 4, 58.78979068645201
11368, 5, 68.74606205289756
11368, 6, 62.47315747307577
11368, 7, 105.16081903161128
11368, 8, 106.49309513006634
11368, 9, 192.1480090255468
11368, 10, 0
11368, 11, 0
11368, 12, 0
11201, 1, 40.91318280423275
11201, 2, 63.302985677985696
11201, 3, 79.22484232751992
11201, 4, 120.04851362578931
11201, 5, 106.12319823330739
11201, 6, 112.41928518270434
11201, 7, 107.06700052410906
11201, 8, 118.99149383176012
11201, 9, 138.82581716285665
11201, 10, 0
11201, 11, 0
11201, 12, 0
11215, 1, 47.31864717859223
11215, 2, 81.6452110325875
11215, 3, 93.22112884160748
11215, 4, 122.75573141762463
11215, 5, 100.18269265690613
11215, 6, 125.5476786950501
11215, 7, 156.046578547554
11215, 8, 188.95993815433957
11215, 9, 191.85001955903263
11215, 10, 0
11215, 11, 0
11215, 12, 0
10312, 1, 48.578329353709016
10312, 2, 63.469011003757295
10312, 3, 108.84390753169268
10312, 4, 101.34756626724764
10312, 5, 87.08581037037033
10312, 6, 114.55094135802453
10312, 7, 121.31374666666659
10312, 8, 146.25744508219955
10312, 9, 286.96180859691805
10312, 10, 0
10312, 11, 0
10312, 12, 0
11232, 1, 45.75731248656779
11232, 2, 80.38682711821411
11232, 3, 86.87060355171582
11232, 4, 73.24747391757954
11232, 5, 71.46556075738667
11232, 6, 148.4694525547449
11232, 7, 120.4506506338553
11232, 8, 135.57811334289818
11232, 9, 159.24981632149905
11232, 10, 0
11232, 11, 0
11232, 12, 0
11220, 1, 42.39178364071029
11220, 2, 78.2609635511743
11220, 3, 82.96924111212385
11220, 4, 122.14077277221597
11220, 5, 95.59374739989585
11220, 6, 83.08972189034914
11220, 7, 97.11923783984368
11220, 8, 121.88188940992559
11220, 9, 203.32152885862504
11220, 10, 0
11220, 11, 0
11220, 12, 0
11228, 1, 32.21386160227027
11228, 2, 72.35862686741366
11228, 3, 115.07913619744056
11228, 4, 96.54224070100152
11228, 5, 83.09893356075365
11228, 6, 56.90033903133907
11228, 7, 153.57170032639743
11228, 8, 163.90621179039323
11228, 9, 263.67801093613303
11228, 10, 0
11228, 11, 0
11228, 12, 0
11223, 1, 43.70215211132436
11223, 2, 61.485166774962046
11223, 3, 94.02659356725165
11223, 4, 91.52919354838711
11223, 5, 101.39012647866497
11223, 6, 105.58062116564426
11223, 7, 186.13894345970766
11223, 8, 184.92438706311953
11223, 9, 279.31854845745045
11223, 10, 0
11223, 11, 0
11223, 12, 0
11249, 1, 50.155802083333384
11249, 2, 97.55847046413506
11249, 3, 88.62431342780019
11249, 4, 53.63880446194221
11249, 5, 56.93336985153254
11249, 6, 48.233781880342065
11249, 7, 86.5189611466477
11249, 8, 117.12028596108388
11249, 9, 180.74603636363656
11249, 10, 0
11249, 11, 0
11249, 12, 0
10465, 1, 42.575973973973944
10465, 2, 59.73808363201912
10465, 3, 98.0359519496205
10465, 4, 68.59539764079146
10465, 5, 83.43900719148
10465, 6, 108.46367528419515
10465, 7, 87.17122117400419
10465, 8, 167.79514178240737
10465, 9, 178.90452630497325
10465, 10, 0
10465, 11, 0
10465, 12, 0
11429, 1, 45.65835437710442
11429, 2, 97.55283420138895
11429, 3, 78.03273071625351
11429, 4, 89.28302993527507
11429, 5, 124.45758230452671
11429, 6, 82.85953079483973
11429, 7, 85.19552044025157
11429, 8, 167.66635358175927
11429, 9, 267.2179736136878
11429, 10, 0
11429, 11, 0
11429, 12, 0
11209, 1, 40.784265572390545
11209, 2, 67.5777246145667
11209, 3, 83.27361544124014
11209, 4, 59.72946684147263
11209, 5, 70.10000173611127
11209, 6, 122.43792354934362
11209, 7, 107.78846399971398
11209, 8, 148.8003983451537
11209, 9, 260.10249123422153
11209, 10, 0
11209, 11, 0
11209, 12, 0
10026, 1, 38.293381642512045
10026, 2, 94.24457758620686
10026, 3, 92.82597383346224
10026, 4, 53.847920236638025
10026, 5, 45.87667961207655
10026, 6, 90.70548326579608
10026, 7, 102.34670844780237
10026, 8, 124.11813649978583
10026, 9, 76.39771663504095
10026, 10, 0
10026, 11, 0
10026, 12, 0
10303, 1, 50.59037661256765
10303, 2, 69.35939903846156
10303, 3, 90.99403508771934
10303, 4, 60.9860643821391
10303, 5, 95.70388334565168
10303, 6, 91.31161992945331
10303, 7, 146.36072002923981
10303, 8, 209.71009000620754
10303, 9, 195.58239161642254
10303, 10, 0
10303, 11, 0
10303, 12, 0
10461, 1, 47.155803035451434
10461, 2, 104.00694732131441
10461, 3, 128.0032773541516
10461, 4, 97.07168406732488
10461, 5, 142.227716886608
10461, 6, 181.20819162766523
10461, 7, 117.28114691532885
10461, 8, 162.9306209020029
10461, 9, 239.58196833648375
10461, 10, 0
10461, 11, 0
10461, 12, 0
11355, 1, 48.25279612838221
11355, 2, 70.26703319964349
11355, 3, 92.17627267573694
11355, 4, 99.25794676386136
11355, 5, 129.2699047972306
11355, 6, 154.0118736037625
11355, 7, 195.4607960291029
11355, 8, 292.19501669570275
11355, 9, 358.56429480474213
11355, 10, 0
11355, 11, 0
11355, 12, 0
11378, 1, 27.629140559732676
11378, 2, 58.9306428267348
11378, 3, 71.23564688552194
11378, 4, 77.45969762731472
11378, 5, 121.33062684692676
11378, 6, 84.85785839556453
11378, 7, 83.37535532292006
11378, 8, 151.58281048500115
11378, 9, 343.33683142100625
11378, 10, 0
11378, 11, 0
11378, 12, 0
11235, 1, 53.534688098659
11235, 2, 78.10816831032223
11235, 3, 93.67611574074078
11235, 4, 86.589585802469
11235, 5, 105.70314326199544
11235, 6, 95.26658510116907
11235, 7, 151.29215668590683
11235, 8, 212.10071755088435
11235, 9, 289.35529139218227
11235, 10, 0
11235, 11, 0
11235, 12, 0
10304, 1, 44.36180961663418
10304, 2, 83.07129137676581
10304, 3, 106.70372382478632
10304, 4, 88.70896111111105
10304, 5, 138.4959507322509
10304, 6, 124.65533086170103
10304, 7, 132.58981265522087
10304, 8, 187.2868443941682
10304, 9, 290.9922188388145
10304, 10, 0
10304, 11, 0
10304, 12, 0
11206, 1, 43.40449078564498
11206, 2, 89.25405745708697
11206, 3, 105.29774448020014
11206, 4, 88.41744833143738
11206, 5, 74.8367985674355
11206, 6, 87.28719544992026
11206, 7, 129.3425767928592
11206, 8, 127.66766385048636
11206, 9, 166.9972217843173
11206, 10, 0
11206, 11, 0
11206, 12, 0
11222, 1, 56.81804629629628
11222, 2, 83.2716826116146
11222, 3, 116.74030638361921
11222, 4, 87.69843764328284
11222, 5, 66.34337954768915
11222, 6, 88.88700667451914
11222, 7, 184.16626696436384
11222, 8, 121.27996031746041
11222, 9, 171.3830015432099
11222, 10, 0
11222, 11, 0
11222, 12, 0
10039, 1, 49.214424971363115
10039, 2, 136.4200231481482
10039, 3, 101.43040001752541
10039, 4, 45.0436703528173
10039, 5, 65.38420259812064
10039, 6, 163.63471342031687
10039, 7, 153.06006681681686
10039, 8, 157.89880616509922
10039, 9, 128.37103052126196
10039, 10, 0
10039, 11, 0
10039, 12, 0
10037, 1, 62.947818287037045
10037, 2, 58.64044701213818
10037, 3, 76.70122028423773
10037, 4, 39.96637357830273
10037, 5, 34.88094667409887
10037, 6, 102.49665425040425
10037, 7, 163.6902987804879
10037, 8, 159.64244391749483
10037, 9, 83.26770654250232
10037, 10, 0
10037, 11, 0
10037, 12, 0
11417, 1, 33.831682242990645
11417, 2, 57.75524611928107
11417, 3, 73.98032355852506
11417, 4, 155.44765213675214
11417, 5, 124.74513406940059
11417, 6, 50.12428877005342
11417, 7, 105.55959719273422
11417, 8, 207.46927080660333
11417, 9, 215.18520075147617
11417, 10, 0
11417, 11, 0
11417, 12, 0
11365, 1, 37.85876700025661
11365, 2, 64.83434528500125
11365, 3, 80.59449873497792
11365, 4, 78.49600657108735
11365, 5, 84.75512607240002
11365, 6, 113.73252235864786
11365, 7, 127.49765762633297
11365, 8, 136.72701196684054
11365, 9, 284.87349398443047
11365, 10, 0
11365, 11, 0
11365, 12, 0
10013, 1, 54.13673498902856
10013, 2, 70.88314901837923
10013, 3, 118.67451759418617
10013, 4, 116.95144179894177
10013, 5, 94.23589920343134
10013, 6, 171.34325309770463
10013, 7, 114.89284837962973
10013, 8, 118.56624378707713
10013, 9, 102.41768943389583
10013, 10, 0
10013, 11, 0
10013, 12, 0
10018, 1, 47.714254646105175
10018, 2, 56.00246781115883
10018, 3, 149.4642462065591
10018, 4, 137.70694994499456
10018, 5, 375.54925074499766
10018, 6, 178.9115608465606
10018, 7, 81.1840987654321
10018, 8, 80.68806572468424
10018, 9, 98.01800045444207
10018, 10, 0
10018, 11, 0
10018, 12, 0
11004, 1, 60.060069444444444
11004, 2, 85.86853888888889
11004, 3, 183.9272597597598
11004, 4, 77.69296015712683
11004, 5, 471.66386111111086
11004, 6, 168.44266449410298
11004, 7, 193.86510233918128
11004, 8, 293.18652051561355
11004, 9, 371.39261683357176
11004, 10, 0
11004, 11, 0
11004, 12, 0
11426, 1, 50.88548207885305
11426, 2, 106.92863703703699
11426, 3, 127.51437165775393
11426, 4, 121.70914260717404
11426, 5, 239.3221129115226
11426, 6, 192.49546712802785
11426, 7, 176.73784991909406
11426, 8, 207.163386268344
11426, 9, 374.20446917808204
11426, 10, 0
11426, 11, 0
11426, 12, 0
11418, 1, 49.368847305389295
11418, 2, 103.25201833333323
11418, 3, 77.21359548916232
11418, 4, 74.94769051425533
11418, 5, 138.37219580314004
11418, 6, 90.56253972830973
11418, 7, 100.11469848053189
11418, 8, 191.45617380108035
11418, 9, 264.07051369531507
11418, 10, 0
11418, 11, 0
11418, 12, 0
10475, 1, 57.136097883597905
10475, 2, 85.67362189859762
10475, 3, 79.83998931623937
10475, 4, 84.46109305555561
10475, 5, 140.8210135637309
10475, 6, 153.2916396908719
10475, 7, 183.11602010129783
10475, 8, 163.4508535636478
10475, 9, 113.79573434622465
10475, 10, 0
10475, 11, 0
10475, 12, 0
11109, 1, 34.33027777777778
11109, 2, 152.2966840277778
11109, 3, 91.04843434343435
11109, 4, 28.552281144781144
11109, 5, 3.722267389340559
11109, 6, 8.530253944773174
11109, 7, 6.280639040680025
11109, 8, 8.348480312837111
11109, 9, 32.075424718196444
11109, 10, 0
11109, 11, 0
11109, 12, 0
11415, 1, 45.88907349896483
11415, 2, 105.24483184333754
11415, 3, 105.47335881753305
11415, 4, 36.220603408029895
11415, 5, 41.674709023278176
11415, 6, 97.67610409652079
11415, 7, 129.61805646630228
11415, 8, 214.54678240740725
11415, 9, 387.0793188567189
11415, 10, 0
11415, 11, 0
11415, 12, 0
11366, 1, 16.42002480158731
11366, 2, 29.328227091633476
11366, 3, 38.53380341880346
11366, 4, 41.09679440389292
11366, 5, 26.500964623438037
11366, 6, 34.75319723018147
11366, 7, 94.26504583333332
11366, 8, 51.923323311398505
11366, 9, 95.08137909356716
11366, 10, 0
11366, 11, 0
11366, 12, 0
10464, 1, 36.98962398373983
10464, 2, 52.377805555555554
10464, 3, 123.91400492264412
10464, 4, 31.650118773946364
10464, 5, 93.93409627953747
10464, 6, 117.43779457364346
10464, 7, 61.086848290598326
10464, 8, 200.8194310202395
10464, 9, 268.7816754155729
10464, 10, 0
10464, 11, 0
10464, 12, 0
10471, 1, 34.11941880341881
10471, 2, 65.17529216109314
10471, 3, 95.26273614895548
10471, 4, 73.16076225215116
10471, 5, 98.91384902556314
10471, 6, 72.2970716783216
10471, 7, 80.50590140264028
10471, 8, 104.76422653721677
10471, 9, 220.92026176753103
10471, 10, 0
10471, 11, 0
10471, 12, 0
10007, 1, 22.697917140690162
10007, 2, 50.461819186560625
10007, 3, 106.1556135531136
10007, 4, 172.48340465465472
10007, 5, 211.7587184343435
10007, 6, 117.0473835125448
10007, 7, 105.37362500000009
10007, 8, 193.9275652060511
10007, 9, 203.99716016548456
10007, 10, 0
10007, 11, 0
10007, 12, 0
10307, 1, 76.54771604938274
10307, 2, 78.09442901234571
10307, 3, 120.43669555555553
10307, 4, 139.37665564373899
10307, 5, 86.35831967213115
10307, 6, 62.48536288814065
10307, 7, 74.22630752794215
10307, 8, 137.87147196261685
10307, 9, 184.75766748366019
10307, 10, 0
10307, 11, 0
10307, 12, 0
11105, 1, 45.39565635738833
11105, 2, 70.27973931623929
11105, 3, 71.98733449477358
11105, 4, 83.49177486309812
11105, 5, 81.07363968907185
11105, 6, 72.48756796164486
11105, 7, 69.3506098860126
11105, 8, 179.9647070056091
11105, 9, 323.4200215442949
11105, 10, 0
11105, 11, 0
11105, 12, 0
11362, 1, 55.48075268817207
11362, 2, 109.80967825739407
11362, 3, 95.21493630573244
11362, 4, 171.78719206349209
11362, 5, 238.36808788947678
11362, 6, 118.5867322530864
11362, 7, 226.20531729900625
11362, 8, 222.9533340740741
11362, 9, 445.0679297504025
11362, 10, 0
11362, 11, 0
11362, 12, 0
10030, 1, 63.201048773189726
10030, 2, 77.33109255725184
10030, 3, 102.52789689781021
10030, 4, 36.783671114467914
10030, 5, 72.89952268316354
10030, 6, 111.72411569337875
10030, 7, 237.9945640391189
10030, 8, 175.1057120194098
10030, 9, 195.82797801963298
10030, 10, 0
10030, 11, 0
10030, 12, 0
10121, 1, 27.69893790849673
10121, 2, 175.32835555555556
10121, 3, 711.343549382716
10121, 4, 854.1478373015872
10121, 5, 1141.9187962962963
10121, 6, 696.1527777777776
10121, 7, 10.785555555555554
10121, 8, 204.836875
10121, 9, 158.16234848484848
10121, 10, 0
10121, 11, 0
10121, 12, 0
11430, 1, 43.75925996607291
11430, 2, 289.63922815945705
11430, 3, 537.2130373831774
11430, 4, 1340.942235042735
11430, 5, 1655.3830879629631
11430, 6, 1281.720697064989
11430, 7, 142.95788194444444
11430, 8, 184.15082375478926
11430, 9, 527.0969791666668
11430, 10, 0
11430, 11, 0
11430, 12, 0
10005, 1, 15.59172714486638
10005, 2, 44.343408905228806
10005, 3, 82.70353490658803
10005, 4, 133.1226748971194
10005, 5, 243.08901932367135
10005, 6, 267.5106445523194
10005, 7, 131.9699324324324
10005, 8, 108.69697404371581
10005, 9, 118.15930911680913
10005, 10, 0
10005, 11, 0
10005, 12, 0
10308, 1, 45.9114303826648
10308, 2, 69.00088119017893
10308, 3, 113.228311199646
10308, 4, 104.96073136427565
10308, 5, 70.68306915306917
10308, 6, 78.72754956629485
10308, 7, 70.00274109014678
10308, 8, 141.73224258563081
10308, 9, 280.67107605820127
10308, 10, 0
10308, 11, 0
10308, 12, 0
10044, 1, 53.330932539682536
10044, 2, 36.10912698412698
10044, 3, 147.5054292929293
10044, 4, 31.3877904040404
10044, 5, 47.02893369175627
10044, 6, 193.1873106060606
10044, 7, 93.29233660130718
10044, 8, 145.89058760683764
10044, 9, 249.59398148148153
10044, 10, 0
10044, 11, 0
10044, 12, 0
10474, 1, 53.30978367748276
10474, 2, 116.03188965341482
10474, 3, 139.0053827913278
10474, 4, 148.71085969180845
10474, 5, 139.3358145645648
10474, 6, 233.85588460772593
10474, 7, 210.02418976279614
10474, 8, 157.59183739837394
10474, 9, 173.90813629629636
10474, 10, 0
10474, 11, 0
10474, 12, 0
10282, 1, 23.832542735042733
10282, 2, 92.35930555555557
10282, 3, 119.99921875000001
10282, 4, 52.618079365079375
10282, 5, 27.8026684881603
10282, 6, 63.2865111111111
10282, 7, 51.16553497942386
10282, 8, 68.74381944444445
10282, 9, 152.55225589225586
10282, 10, 0
10282, 11, 0
10282, 12, 0
11239, 1, 61.945671296296304
11239, 2, 85.29227513227518
11239, 3, 49.833952674897134
11239, 4, 72.94923192771088
11239, 5, 97.82912452107279
11239, 6, 66.46796705998038
11239, 7, 167.87167356797787
11239, 8, 192.14654116465863
11239, 9, 161.46982462877622
11239, 10, 0
11239, 11, 0
11239, 12, 0
10169, 1, 6.481450617283952
10169, 2, 3.703494623655914
10169, 3, 13.270291666666665
10169, 4, 24.430405982905988
10169, 5, 14.681153846153848
10169, 6, 13.214706790123458
10169, 7, 11.46527777777778
10169, 8, 17.48272222222222
10169, 9, 14.894390547263683
10169, 10, 0
10169, 11, 0
10169, 12, 0
10173, 1, 47.89472222222222
10173, 2, 0
10173, 3, 0
10173, 4, 0.44
10173, 5, 30.0
10173, 6, 0
10173, 7, 15.09
10173, 8, 0.6055555555555555
10173, 9, 0
10173, 10, 0
10173, 11, 0
10173, 12, 0
11359, 1, 0.029583333333333336
11359, 2, 0
11359, 3, 0
11359, 4, 1.51287037037037
11359, 5, 88.2811111111111
11359, 6, 4.223657407407408
11359, 7, 748.9635555555557
11359, 8, 55.82675925925926
11359, 9, 24.499722222222225
11359, 10, 0
11359, 11, 0
11359, 12, 0
10280, 1, 35.51925675675676
10280, 2, 91.74478260869566
10280, 3, 66.73221014492755
10280, 4, 101.46822072072072
10280, 5, 95.55474305555556
10280, 6, 71.92772376543209
10280, 7, 40.74246913580247
10280, 8, 20.515066137566134
10280, 9, 121.84445370370369
10280, 10, 0
10280, 11, 0
10280, 12, 0
10177, 1, 290.57
10177, 2, 1041.8947222222223
10177, 3, 64.86305555555556
10177, 4, 0
10177, 5, 24.555
10177, 6, 0.14722222222222223
10177, 7, 21.18027777777778
10177, 8, 0
10177, 9, 28.6075
10177, 10, 0
10177, 11, 0
10177, 12, 0
11001, 1, 61.776884920634906
11001, 2, 78.26064814814815
11001, 3, 93.01032828282828
11001, 4, 17.409596560846563
11001, 5, 335.71542682926827
11001, 6, 74.49782638888885
11001, 7, 103.53832125603863
11001, 8, 131.23121328224775
11001, 9, 479.8762560386475
11001, 10, 0
11001, 11, 0
11001, 12, 0
10105, 1, 103.34796296296294
10105, 2, 0
10105, 3, 56.496944444444445
10105, 4, 0.12472222222222222
10105, 5, 8.05375
10105, 6, 2159.318888888889
10105, 7, 69.4225
10105, 8, 0.7172222222222222
10105, 9, 0.3226388888888889
10105, 10, 0
10105, 11, 0
10105, 12, 0
11040, 1, 52.77348148148148
11040, 2, 44.726666666666674
11040, 3, 128.82623366013075
11040, 4, 186.54000750750757
11040, 5, 454.3732613168725
11040, 6, 205.21415432098766
11040, 7, 120.85621693121696
11040, 8, 139.75766185476812
11040, 9, 189.95475081699342
11040, 10, 0
11040, 11, 0
11040, 12, 0
10178, 1, 112.91324074074073
10178, 2, 0
10178, 3, 0
10178, 4, 0
10178, 5, 0
10178, 6, 563.9716666666667
10178, 7, 0.21291666666666667
10178, 8, 31.276944444444442
10178, 9, 0.2927777777777778
10178, 10, 0
10178, 11, 0
10178, 12, 0
11363, 1, 59.58686928104576
11363, 2, 73.90848577235772
11363, 3, 107.69127713920817
11363, 4, 229.44518229166678
11363, 5, 202.02287037037044
11363, 6, 270.9620477502298
11363, 7, 486.479605988968
11363, 8, 193.30087901234566
11363, 9, 851.0205813600485
11363, 10, 0
11363, 11, 0
11363, 12, 0
10006, 1, 24.99885510510511
10006, 2, 39.510595959595946
10006, 3, 84.19425925925923
10006, 4, 265.3633765432098
10006, 5, 112.86604990583807
10006, 6, 157.00152421652425
10006, 7, 59.56929553264604
10006, 8, 190.17852040816325
10006, 9, 92.8433183183183
10006, 10, 0
10006, 11, 0
10006, 12, 0
10069, 1, 58.94593567251461
10069, 2, 121.15293333333331
10069, 3, 115.09900383141762
10069, 4, 47.134285714285696
10069, 5, 62.5945648148148
10069, 6, 163.28392857142853
10069, 7, 83.30660052910054
10069, 8, 136.50881944444444
10069, 9, 68.34123737373739
10069, 10, 0
10069, 11, 0
10069, 12, 0
11697, 1, 362.8449074074074
11697, 2, 461.47819444444445
11697, 3, 23.304513888888888
11697, 4, 22.20680555555555
11697, 5, 167.71115079365083
11697, 6, 79.19301282051282
11697, 7, 82.75878841607563
11697, 8, 245.9049242424243
11697, 9, 203.88197368421055
11697, 10, 0
11697, 11, 0
11697, 12, 0
11005, 1, 56.17597222222223
11005, 2, 0
11005, 3, 33.550555555555555
11005, 4, 31.93861111111111
11005, 5, 0.42727777777777776
11005, 6, 10.848194444444443
11005, 7, 158.80916666666667
11005, 8, 293.523125
11005, 9, 0.5223333333333333
11005, 10, 0
11005, 11, 0
11005, 12, 0
12345, 1, 4.250925925925926
12345, 2, 21.009055555555555
12345, 3, 8.338888888888889
12345, 4, 0
12345, 5, 0.6030555555555556
12345, 6, 0.18244444444444446
12345, 7, 323.70909722222217
12345, 8, 0.6279861111111111
12345, 9, 0.30069444444444443
12345, 10, 0
12345, 11, 0
12345, 12, 0
10171, 1, 133.29777777777778
10171, 2, 0
10171, 3, 23.333333333333332
10171, 4, 0
10171, 5, 39.09097222222222
10171, 6, 0
10171, 7, 0
10171, 8, 0
10171, 9, 22.296944444444446
10171, 10, 0
10171, 11, 0
10171, 12, 0
10120, 1, 9.68925925925926
10120, 2, 18.325
10120, 3, 70.9462962962963
10120, 4, 5.267638888888889
10120, 5, 841.4775925925925
10120, 6, 0.22231481481481483
10120, 7, 104.45731481481481
10120, 8, 107.71952380952382
10120, 9, 0
10120, 10, 0
10120, 11, 0
10120, 12, 0
10020, 1, 53.268680555555555
10020, 2, 107.61959490740742
10020, 3, 47.712180555555555
10020, 4, 0.5025000000000001
10020, 5, 496.6053333333333
10020, 6, 560.303537037037
10020, 7, 77.45677777777777
10020, 8, 100.9963425925926
10020, 9, 11.198833333333335
10020, 10, 0
10020, 11, 0
10020, 12, 0
10278, 1, 73.83231481481482
10278, 2, 3.7933333333333334
10278, 3, 530.7936111111111
10278, 4, 18.66465277777778
10278, 5, 60.68787037037037
10278, 6, 84.00638888888888
10278, 7, 16.491944444444446
10278, 8, 15.467944444444447
10278, 9, 23.766666666666666
10278, 10, 0
10278, 11, 0
10278, 12, 0
10119, 1, 125.4723611111111
10119, 2, 28.905388888888886
10119, 3, 25.578125
10119, 4, 877.3844444444445
10119, 5, 5.511277777777777
10119, 6, 0.5584920634920636
10119, 7, 2.437274305555556
10119, 8, 3.5476262626262627
10119, 9, 7.605194444444443
10119, 10, 0
10119, 11, 0
10119, 12, 0
10172, 1, 28.50138888888889
10172, 2, 0
10172, 3, 47.79895833333333
10172, 4, 0
10172, 5, 0
10172, 6, 0
10172, 7, 143.8711111111111
10172, 8, 0
10172, 9, 0
10172, 10, 0
10172, 11, 0
10172, 12, 0
10281, 1, 18.085740740740743
10281, 2, 27.18898148148148
10281, 3, 671.1270833333333
10281, 4, 653.28125
10281, 5, 260.5198888888889
10281, 6, 350.33905555555555
10281, 7, 214.6108333333333
10281, 8, 43.484365079365084
10281, 9, 0.5485416666666667
10281, 10, 0
10281, 11, 0
10281, 12, 0
10279, 1, 24.477525252525254
10279, 2, 16.644675925925927
10279, 3, 710.75
10279, 4, 0.21375
10279, 5, 543.9182638888889
10279, 6, 0.17194444444444446
10279, 7, 11.586388888888889
10279, 8, 30.23472222222222
10279, 9, 205.4613888888889
10279, 10, 0
10279, 11, 0
10279, 12, 0
10165, 1, 0.13972222222222222
10165, 2, 484.95324074074074
10165, 3, 0
10165, 4, 0.5296296296296297
10165, 5, 0
10165, 6, 983.1036111111111
10165, 7, 75.98833333333333
10165, 8, 15.597962962962965
10165, 9, 0
10165, 10, 0
10165, 11, 0
10165, 12, 0
11371, 1, 61.614
11371, 2, 24.16986111111111
11371, 3, 0.043333333333333335
11371, 4, 27.438055555555554
11371, 5, 504.7347222222222
11371, 6, 274.2396527777778
11371, 7, 0
11371, 8, 61.857592592592596
11371, 9, 787.85
11371, 10, 0
11371, 11, 0
11371, 12, 0
10162, 1, 14.369305555555556
10162, 2, 0
10162, 3, 13.01088888888889
10162, 4, 0.44125000000000003
10162, 5, 18.494027777777777
10162, 6, 0.2689814814814815
10162, 7, 57.79561965811967
10162, 8, 23.00787037037037
10162, 9, 0.15555555555555556
10162, 10, 0
10162, 11, 0
10162, 12, 0
10151, 1, 2.854722222222222
10151, 2, 0
10151, 3, 0
10151, 4, 0
10151, 5, 0
10151, 6, 0
10151, 7, 0.2922222222222222
10151, 8, 0.24481481481481485
10151, 9, 2.2670833333333333
10151, 10, 0
10151, 11, 0
10151, 12, 0
10103, 1, 0.7603703703703704
10103, 2, 28.504325396825397
10103, 3, 0.35944444444444446
10103, 4, 1706.8216666666667
10103, 5, 0.021111111111111112
10103, 6, 0
10103, 7, 0
10103, 8, 31.811759259259258
10103, 9, 1.219861111111111
10103, 10, 0
10103, 11, 0
10103, 12, 0
10118, 1, 131.55784722222222
10118, 2, 80.51666666666667
10118, 3, 34.243611111111115
10118, 4, 2110.947222222222
10118, 5, 0
10118, 6, 623.2755555555556
10118, 7, 22.953611111111112
10118, 8, 34.76833333333333
10118, 9, 0
10118, 10, 0
10118, 11, 0
10118, 12, 0
11242, 1, 33.766666666666666
11242, 2, 24.95
11242, 3, 0
11242, 4, 0
11242, 5, 0
11242, 6, 346.7892857142857
11242, 7, 686.1683333333333
11242, 8, 0
11242, 9, 0
11242, 10, 0
11242, 11, 0
11242, 12, 0
10154, 1, 3.1352777777777776
10154, 2, 0
10154, 3, 41.675370370370366
10154, 4, 0
10154, 5, 0
10154, 6, 761.9572222222223
10154, 7, 550.7473611111111
10154, 8, 48.17041666666667
10154, 9, 0.5769444444444445
10154, 10, 0
10154, 11, 0
10154, 12, 0
10152, 1, 28.92888888888889
10152, 2, 28.036527777777778
10152, 3, 168.00027777777777
10152, 4, 0
10152, 5, 0
10152, 6, 2240.199722222222
10152, 7, 0
10152, 8, 0
10152, 9, 23.36777777777778
10152, 10, 0
10152, 11, 0
10152, 12, 0
10271, 1, 0
10271, 2, 0.4211111111111111
10271, 3, 15.783333333333333
10271, 4, 2008.1293055555557
10271, 5, 1506.2177777777779
10271, 6, 0.1475
10271, 7, 1.981111111111111
10271, 8, 0
10271, 9, 0
10271, 10, 0
10271, 11, 0
10271, 12, 0
10110, 1, 24.721666666666668
10110, 2, 102.08972222222222
10110, 3, 0
10110, 4, 1255.0841666666668
10110, 5, 0
10110, 6, 0
10110, 7, 2.3223611111111113
10110, 8, 0
10110, 9, 0
10110, 10, 0
10110, 11, 0
10110, 12, 0
10000, 1, 23.121666666666666
10000, 2, 65.84670138888887
10000, 3, 119.02283333333335
10000, 4, 1.5817032967032967
10000, 5, 2.0702113010446337
10000, 6, 14.492174074074068
10000, 7, 92.56072048611112
10000, 8, 93.80285493827161
10000, 9, 49.0428549382716
10000, 10, 0
10000, 11, 0
10000, 12, 0
10045, 1, 47.85861111111111
10045, 2, 1.5197222222222222
10045, 3, 288.0002777777778
10045, 4, 0.15694444444444444
10045, 5, 0.10319444444444445
10045, 6, 0
10045, 7, 0
10045, 8, 0
10045, 9, 468.97555555555556
10045, 10, 0
10045, 11, 0
10045, 12, 0
10123, 1, 7.616527777777778
10123, 2, 3.416851851851852
10123, 3, 0
10123, 4, 0.05333333333333334
10123, 5, 0
10123, 6, 1.7075
10123, 7, 0.48125
10123, 8, 0.19
10123, 9, 12.661527777777778
10123, 10, 0
10123, 11, 0
10123, 12, 0
10170, 1, 121.98333333333333
10170, 2, 72.71666666666667
10170, 3, 0
10170, 4, 0.1688888888888889
10170, 5, 0
10170, 6, 9.895833333333334
10170, 7, 33.86194444444445
10170, 8, 100.70402777777777
10170, 9, 0.1257638888888889
10170, 10, 0
10170, 11, 0
10170, 12, 0
11695, 1, 22.66138888888889
11695, 2, 0
11695, 3, 0
11695, 4, 40.99768518518518
11695, 5, 418.2311111111111
11695, 6, 25.787777777777777
11695, 7, 5.36699074074074
11695, 8, 23.046944444444446
11695, 9, 28.37472222222222
11695, 10, 0
11695, 11, 0
11695, 12, 0
10041, 1, 1.4405555555555556
10041, 2, 0
10041, 3, 520.0544444444445
10041, 4, 0.055
10041, 5, 0
10041, 6, 5.68861111111111
10041, 7, 113.81048611111112
10041, 8, 25.04652777777778
10041, 9, 8.608
10041, 10, 0
10041, 11, 0
10041, 12, 0
10166, 1, 0.44055555555555553
10166, 2, 0
10166, 3, 0
10166, 4, 0
10166, 5, 0.04027777777777778
10166, 6, 0
10166, 7, 0
10166, 8, 0
10166, 9, 0
10166, 10, 0
10166, 11, 0
10166, 12, 0
10158, 1, 0
10158, 2, 0
10158, 3, 24.0
10158, 4, 1582.8972222222221
10158, 5, 0
10158, 6, 0
10158, 7, 0
10158, 8, 0.07111111111111111
10158, 9, 0
10158, 10, 0
10158, 11, 0
10158, 12, 0
10179, 1, 0
10179, 2, 59.68277777777778
10179, 3, 0
10179, 4, 1358.2410185185186
10179, 5, 0
10179, 6, 0.3869444444444444
10179, 7, 0
10179, 8, 0
10179, 9, 0
10179, 10, 0
10179, 11, 0
10179, 12, 0
10155, 1, 0
10155, 2, 0
10155, 3, 35.92625
10155, 4, 1532.8005555555555
10155, 5, 0
10155, 6, 1.6047222222222222
10155, 7, 0
10155, 8, 0.6133333333333333
10155, 9, 0
10155, 10, 0
10155, 11, 0
10155, 12, 0
11251, 1, 0
11251, 2, 3.7594444444444446
11251, 3, 1.0716666666666668
11251, 4, 0.28305555555555556
11251, 5, 755.4303703703704
11251, 6, 0
11251, 7, 0
11251, 8, 0
11251, 9, 120.85583333333334
11251, 10, 0
11251, 11, 0
11251, 12, 0
10122, 1, 0
10122, 2, 0.7341666666666666
10122, 3, 101.16388888888889
10122, 4, 0
10122, 5, 1157.4431944444443
10122, 6, 0
10122, 7, 39.75777777777778
10122, 8, 0
10122, 9, 0
10122, 10, 0
10122, 11, 0
10122, 12, 0
10111, 1, 0
10111, 2, 0
10111, 3, 0
10111, 4, 357.8675694444444
10111, 5, 0.0575
10111, 6, 0
10111, 7, 3.5005555555555556
10111, 8, 983.7411111111111
10111, 9, 0
10111, 10, 0
10111, 11, 0
10111, 12, 0
10055, 1, 0
10055, 2, 0
10055, 3, 166.79861111111111
10055, 4, 0
10055, 5, 0
10055, 6, 0
10055, 7, 0
10055, 8, 0
10055, 9, 218.31333333333333
10055, 10, 0
10055, 11, 0
10055, 12, 0
10112, 1, 0
10112, 2, 0.15305555555555556
10112, 3, 816.3588888888889
10112, 4, 57.303472222222226
10112, 5, 0
10112, 6, 12.920277777777779
10112, 7, 0.24027777777777778
10112, 8, 425.5566666666667
10112, 9, 225.13722222222225
10112, 10, 0
10112, 11, 0
10112, 12, 0
11241, 1, 0
11241, 2, 0
11241, 3, 20.93075396825397
11241, 4, 15.928842592592593
11241, 5, 77.62916666666666
11241, 6, 73.03833333333333
11241, 7, 23.528055555555557
11241, 8, 47.719166666666666
11241, 9, 0
11241, 10, 0
11241, 11, 0
11241, 12, 0
10107, 1, 0
10107, 2, 0
10107, 3, 37.546364734299516
10107, 4, 0
10107, 5, 27.411527777777778
10107, 6, 0
10107, 7, 0
10107, 8, 2.859583333333333
10107, 9, 0
10107, 10, 0
10107, 11, 0
10107, 12, 0
10176, 1, 0
10176, 2, 0
10176, 3, 83.58583333333333
10176, 4, 244.04111111111112
10176, 5, 0
10176, 6, 0
10176, 7, 0
10176, 8, 0
10176, 9, 0
10176, 10, 0
10176, 11, 0
10176, 12, 0
10106, 1, 0
10106, 2, 1.3
10106, 3, 66.31666666666665
10106, 4, 0.6466666666666666
10106, 5, 0
10106, 6, 0
10106, 7, 0
10106, 8, 0
10106, 9, 0
10106, 10, 0
10106, 11, 0
10106, 12, 0
10115, 1, 0
10115, 2, 0
10115, 3, 159.98694444444445
10115, 4, 0
10115, 5, 346.6045833333334
10115, 6, 0
10115, 7, 121.61666666666666
10115, 8, 439.21333333333325
10115, 9, 0
10115, 10, 0
10115, 11, 0
10115, 12, 0
10174, 1, 0
10174, 2, 0
10174, 3, 0
10174, 4, 287.97314814814814
10174, 5, 0.09944444444444445
10174, 6, 0
10174, 7, 0
10174, 8, 0
10174, 9, 95.24277777777777
10174, 10, 0
10174, 11, 0
10174, 12, 0
83, 1, 0
83, 2, 0
83, 3, 0
83, 4, 0.0825
83, 5, 0.2654166666666667
83, 6, 1.1813888888888888
83, 7, 0
83, 8, 0
83, 9, 0
83, 10, 0
83, 11, 0
83, 12, 0
10153, 1, 0
10153, 2, 0
10153, 3, 0
10153, 4, 0
10153, 5, 0
10153, 6, 48.755
10153, 7, 65.6676984126984
10153, 8, 0.19111111111111112
10153, 9, 0
10153, 10, 0
10153, 11, 0
10153, 12, 0
10048, 1, 0
10048, 2, 0
10048, 3, 0
10048, 4, 0
10048, 5, 0
10048, 6, 0
10048, 7, 0
10048, 8, 24.20861111111111
10048, 9, 0
10048, 10, 0
10048, 11, 0
10048, 12, 0
10175, 1, 0
10175, 2, 0
10175, 3, 0
10175, 4, 0
10175, 5, 0
10175, 6, 0
10175, 7, 2.0052777777777777
10175, 8, 0
10175, 9, 0
10175, 10, 0
10175, 11, 0
10175, 12, 0
